prompt,words,correctOrder,punctuation,explanation
"Did you manage to talk to the supervisor about the schedule change?","chance,haven't,yet,to,had,I,a","I,haven't,had,a,chance,to,yet",.,助動詞 have の後には過去分詞（had）が続き、不定詞 to の後には省略可能な目的語を挟んで文末に yet を配置します。
"Where did you get that necktie?","gift,my,from,a,was,sister,birthday,for,It,my","It,was,a,gift,from,my,sister,for,my,birthday",.,主語 It に続く動詞は was。所有格や前置詞（from, for）の結びつき（コロケーション）を正しく捉えて順序を組み立てます。
"How long have you been living at your current address?","about,weeks,into,apartment,three,moved,I,this,ago","I,moved,into,this,apartment,about,three,weeks,ago",.,過去の時点から現在までの起点を表す場合は before ではなく ago を文末に用います。また move into の組み合わせが基本です。
"It looks like all of the seats have already been taken.","auditorium,to,sooner,gotten,we,should,have,Yeah,I,guess,the","Yeah,I,guess,we,should,have,gotten,to,the,auditorium,sooner",.,助動詞の過去形 should have の後には過去分詞 gotten が来ます。また到達を表す際は get in ではなく get to を使用します。
"I'm not sure how to replace the ink cartridge for this printer.","send,James,call,IT,you,should,just,and,ask,them,to,Then","Then,you,should,just,call,IT,and,ask,them,to,send,James",.,助動詞 should の直後に副詞 just を挿入し、目的語の後に続く不定詞（to send）の形を正しく配置します。
"Have you decided what you would like to order?","is,huge,minutes,because,a,few,more,menu,use,this,could,we,Actually","Actually,we,could,use,a,few,more,minutes,because,this,menu,is,huge",.,接続詞 because の後ろには「主語（this menu）＋動詞（is）」の完全な節を置く必要があります。
"I finally found that journal article I need for my essay.","article,the,read,I,you,when,assignment,your,with,could,finished,are","Could,I,read,the,article,when,you,are,finished,with,your,assignment",?,助動詞の疑問文（Could I + 動詞原形）の構造と、時を表す副詞節（when you are finished...）の正しい骨組みを組み合わせます。
"Most of the people on this trip attend our university.","other,met,few,have,a,are,from,they,but,there,schools,that,I","They,do,but,there,are,a,few,from,other,schools,that,I,have,met",.,現在完了形における過去分詞 have met の正しい選択と、関係代名詞節の語順ルールを適用します。
"Are you ready to submit your application form?","check,need,to,I,everything,one,last,time","I,need,to,check,everything,one,last,time",.,動詞 need の目的語として不定詞（to check）を取り、その直後には動詞の原形が続きます。
"Did you hear about the sudden change in the project deadline?","email,an,about,morning,this,received,I","I,received,an,email,about,this,morning",.,主語・動詞・目的語（SVO）の基本構造に従い、時を示す副詞句を適切に配置します。
"Do you know where Professor Davis is right now?","office,his,in,be,might,he","He,might,be,in,his,office",.,助動詞 might の直後には必ず動詞の原形（be）を置きます。
"How was your presentation in front of the class yesterday?","well,very,it,went","It,went,very,well",.,自動詞 went の修飾語として、副詞 very well を正しい語順で配置します。
"Why didn't you join us for lunch yesterday?","finish,report,have,I,to,my","I,had,to,finish,my,report",.,過去の義務を表す had to の後ろには動詞の原形（finish）が続きます。
"Have you decided where you are going for the summer vacation?","to,plan,Japan,I,visit","I,plan,to,visit,Japan",.,動詞 plan の後ろに不定詞（to visit）を置き、その後に目的語を続けます。
"Is it going to rain this afternoon according to the forecast?","take,an,umbrella,better,you'd","You'd,better,take,an,umbrella",.,助動詞的表現 had better の後ろには動詞の原形（take）が来ます。
"Do you need any help carrying those heavy boxes?","manage,I,myself,on,can,it","I,can,manage,it,myself",.,助動詞 can の後ろには動詞の原形（manage）を置きます。
"When will the new software update be available for download?","released,next,week,it,be,will","It,will,be,released,next,week",.,受動態の文において、助動詞 will の後には be、さらに過去分詞（released）を続けます。
"Are you planning to attend the conference in Chicago next month?","sure,not,I'm,yet","I'm,not,sure,yet",.,否定を表す not の位置と、文末の副詞 yet の配置を正確に行います。
"Did you find the book you were looking for in the library?","borrow,can,it,I,if,wonder,I","I,wonder,if,I,can,borrow,it",.,接続詞 if の後には「主語＋助動詞＋動詞の原形（I can borrow）」という節の構造を崩さずに入れます。
"What time does the flight to New York depart tomorrow?","leaving,is,it,morning,tomorrow","It,is,leaving,tomorrow,morning",.,現在進行形（is leaving）の構造において、be動詞と現在分詞の組み合わせを正しく保ちます。
"Can I borrow your laptop for a few minutes to check my email?","back,give,you,I'll,it,shortly","I'll,give,it,back,to,you,shortly",.,代名詞の目的語（it）が動詞と副詞（give back）の間に入るルールと、未来の助動詞表現（I'll）を処理します。
"Have you seen my car keys anywhere in the kitchen?","on,left,them,table,the,you,might,have","You,might,have,left,them,on,the,table",.,過去の推量を表す might have の後ろには過去分詞（left）を置きます。
"How was the final exam for your advanced economics class?","expected,harder,it,was,much,than","It,was,much,harder,than,expected",.,比較級（harder）を強調する much の位置と、慣用表現（than expected）の語順を正しく組み立てます。
"Are you satisfied with the current progress of the team project?","room,improvement,for,is,there,still","There,is,still,room,for,improvement",.,There is 構文において、副詞 still の位置と名詞句のコロケーション（room for improvement）を崩さずに配置します。
"Do you know how to operate this new audio equipment?","manual,read,first,should,the,you","You,should,read,the,manual,first",.,助動詞 should の直後に動詞の原形（read）を置く基本文型です。
"Why did you decide to change your major to computer science?","career,better,offer,it,prospects,will","It,will,offer,better,career,prospects",.,助動詞 will の後に動詞の原形（offer）を置き、目的語とのバランスを保ちます。
"Would you like to join us for dinner after the seminar?","love,to,I'd","I'd,love,to",.,誘いに対する肯定の定型表現であり、不定詞の to で止まる形を正しく選択します。
"Have you finished writing your research paper yet?","finished,almost,I'm","I'm,almost,finished",.,状態を表す形容詞・分詞（finished）の直前に副詞（almost）を置く語順を把握します。
"Is there anything else you need before we start the meeting?","good,all,we're","We're,all,good",.,「準備万端である」という口語表現における代名詞・副詞・形容詞の配置を正しく組み立てます。
"Do you mind if I open the window for some fresh air?","ahead,go","Go,ahead",.,許可を与える際の短い慣用表現（命令文）の正しい語順を維持します。